customer_id,name,email
1,Customer_1,user1@mail.com
2,Customer_2,user2@mail.com
3,Customer_3,user3@mail.com
4,Customer_4,user4@mail.com
5,Customer_5,user5@mail.com
6,Customer_6,user6@mail.com
7,Customer_7,user7@mail.com
8,Customer_8,user8@mail.com
9,Customer_9,user9@mail.com
10,Customer_10,user10@mail.com
11,Customer_11,user11@mail.com
12,Customer_12,user12@mail.com
13,Customer_13,user13@mail.com
14,Customer_14,user14@mail.com
15,Customer_15,user15@mail.com
16,Customer_16,user16@mail.com
17,Customer_17,user17@mail.com
18,Customer_18,user18@mail.com
19,Customer_19,user19@mail.com
20,Customer_20,user20@mail.com
21,Customer_21,user21@mail.com
22,Customer_22,user22@mail.com
23,Customer_23,user23@mail.com
24,Customer_24,user24@mail.com
25,Customer_25,user25@mail.com
26,Customer_26,user26@mail.com
27,Customer_27,user27@mail.com
28,Customer_28,user28@mail.com
29,Customer_29,user29@mail.com
30,Customer_30,user30@mail.com
31,Customer_31,user31@mail.com
32,Customer_32,user32@mail.com
33,Customer_33,user33@mail.com
34,Customer_34,user34@mail.com
35,Customer_35,user35@mail.com
36,Customer_36,user36@mail.com
37,Customer_37,user37@mail.com
38,Customer_38,user38@mail.com
39,Customer_39,user39@mail.com
40,Customer_40,user40@mail.com
41,Customer_41,user41@mail.com
42,Customer_42,user42@mail.com
43,Customer_43,user43@mail.com
44,Customer_44,user44@mail.com
45,Customer_45,user45@mail.com
46,Customer_46,user46@mail.com
47,Customer_47,user47@mail.com
48,Customer_48,user48@mail.com
49,Customer_49,user49@mail.com
50,Customer_50,user50@mail.com
