payment_id,order_id,amount,status
1,1,2858,FAILED
2,2,1747,FAILED
3,3,874,SUCCESS
4,4,280,FAILED
5,5,2958,SUCCESS
6,6,164,SUCCESS
7,7,1297,SUCCESS
8,8,1030,FAILED
9,9,888,SUCCESS
10,10,271,FAILED
11,11,2032,SUCCESS
12,12,2735,SUCCESS
13,13,1051,SUCCESS
14,14,2820,SUCCESS
15,15,270,SUCCESS
16,16,2844,SUCCESS
17,17,1983,FAILED
18,18,148,SUCCESS
19,19,2412,SUCCESS
20,20,2914,SUCCESS
21,21,237,SUCCESS
22,22,1891,FAILED
23,23,2273,FAILED
24,24,2794,SUCCESS
25,25,1374,FAILED
26,26,849,SUCCESS
27,27,2816,FAILED
28,28,2998,SUCCESS
29,29,2054,SUCCESS
30,30,2878,FAILED
31,31,1442,SUCCESS
32,32,1679,SUCCESS
33,33,2368,FAILED
34,34,138,SUCCESS
35,35,1886,FAILED
36,36,1310,SUCCESS
37,37,377,SUCCESS
38,38,1376,SUCCESS
39,39,1828,SUCCESS
40,40,839,SUCCESS
41,41,1138,FAILED
42,42,1227,SUCCESS
43,43,506,FAILED
44,44,1510,SUCCESS
45,45,976,SUCCESS
46,46,2958,SUCCESS
47,47,2470,SUCCESS
48,48,256,SUCCESS
49,49,922,FAILED
50,50,1970,SUCCESS
51,51,2293,SUCCESS
52,52,606,FAILED
53,53,1967,FAILED
54,54,1393,SUCCESS
55,55,1204,FAILED
56,56,1848,SUCCESS
57,57,2341,SUCCESS
58,58,1987,FAILED
59,59,226,SUCCESS
60,60,214,SUCCESS
61,61,104,FAILED
62,62,2302,SUCCESS
63,63,1902,SUCCESS
64,64,179,SUCCESS
65,65,475,SUCCESS
66,66,658,SUCCESS
67,67,513,SUCCESS
68,68,1543,FAILED
69,69,660,FAILED
70,70,345,SUCCESS
71,71,2371,FAILED
72,72,2047,SUCCESS
73,73,888,FAILED
74,74,2505,SUCCESS
75,75,128,SUCCESS
76,76,2368,FAILED
77,77,2721,FAILED
78,78,1215,FAILED
79,79,2612,FAILED
80,80,1616,FAILED
81,81,491,SUCCESS
82,82,2704,FAILED
83,83,307,SUCCESS
84,84,888,SUCCESS
85,85,249,FAILED
86,86,2805,FAILED
87,87,646,SUCCESS
88,88,1293,FAILED
89,89,1926,SUCCESS
90,90,1816,SUCCESS
91,91,212,FAILED
92,92,1769,SUCCESS
93,93,2248,SUCCESS
94,94,392,SUCCESS
95,95,457,FAILED
96,96,2868,FAILED
97,97,2099,SUCCESS
98,98,441,SUCCESS
99,99,1897,FAILED
100,100,2218,SUCCESS
